<?xml version="1.0" encoding="utf-8"?>
<ApplicationInstallerManifest>
   <DefaultInstallationDirectory>/Applications/eventerGUI/</DefaultInstallationDirectory>
   <ApplicationName>eventerGUI</ApplicationName>
   <ExecutableName>application/eventerGUI.exe</ExecutableName>
   <GUID>07ab3ace-9c12-4a69-a728-fd7fc3795e0e</GUID>
   <ApplicationIcon>icon_48.png</ApplicationIcon>
   <Logo>default_logo.png</Logo>
   <Version>1.0</Version>
   <InstallationNotes>In the following directions, replace MR/v95 by the directory on the target machine where MATLAB is installed, or MR by the directory where the MATLAB Runtime is installed.

If the environment variable DYLD_LIBRARY_PATH is undefined, set it to the following string:

MR/v95/runtime/maci64:MR/v95/sys/os/maci64:MR/v95/bin/maci64

If it is defined, set it to the following:

${DYLD_LIBRARY_PATH}:MR/v95/runtime/maci64:MR/v95/sys/os/maci64:MR/v95/bin/maci64
</InstallationNotes>
   <WelcomePanelText>eventerGUI 1.0
Giles Winchester and Andrew Penn
A.C.Penn@sussex.ac.uk</WelcomePanelText>
   <MCRProducts>
      <MCRProduct>
         <ExternalProductIdentifier>35000</ExternalProductIdentifier>
      </MCRProduct>
      <MCRProduct>
         <ExternalProductIdentifier>35001</ExternalProductIdentifier>
      </MCRProduct>
      <MCRProduct>
         <ExternalProductIdentifier>35010</ExternalProductIdentifier>
      </MCRProduct>
   </MCRProducts>
</ApplicationInstallerManifest>